file,reason
src/components/contracts/ContractScannerDialog.tsx,no-barrel
src/components/vehicle-installments/VehicleInstallmentTest.tsx,no-barrel
src/hooks/useFleetVehicleInsurance.ts,no-barrel
src/components/finance/JournalVoucherDisplay.tsx,no-barrel
src/components/finance/VendorPaymentForm.tsx,no-barrel
src/components/finance/wizard/AccountsCustomization.tsx,no-barrel
src/components/customers/CustomerAgingReport.tsx,barrel-not-imported
src/services/tesseractOCR.ts,no-barrel
src/components/finance/ProfessionalInvoiceTemplate.tsx,barrel-not-imported
src/services/taqadi/TaqadiDataExtractor.ts,barrel-not-imported
src/components/contracts/ContractsStatistics.tsx,no-barrel
src/lib/query-client.ts,no-barrel
src/components/finance/advanced-reports/AdvancedFinancialAlerts.tsx,no-barrel
src/components/contracts/ContractPrintView.tsx,no-barrel
src/lib/monitoring/errorTracking.ts,no-barrel
src/types/enhanced/customer.types.ts,no-barrel
src/components/fleet/LinkedAssetInfo.tsx,no-barrel
src/pages/inventory/Warehouses.tsx,no-barrel
src/components/taqadi/TaqadiAutomationProgress.tsx,barrel-not-imported
src/components/ui/VisualTestWrapper.tsx,no-barrel
src/components/dashboard/bento/BentoDashboard.tsx,no-barrel
src/components/reports/NoDataMessage.tsx,barrel-not-imported
src/hooks/useStatisticalQueryClassifier.ts,no-barrel
src/components/vehicles/VehicleGallerySelector.tsx,barrel-not-imported
src/components/contracts/EnhancedContractValidation.tsx,no-barrel
src/components/ui/border-beam.tsx,no-barrel
src/services/dataValidationService.ts,no-barrel
src/hooks/useContextualMemory.ts,no-barrel
src/hooks/useResponsiveNavigation.ts,no-barrel
src/pages/ProfessionalInvoiceDemo.tsx,no-barrel
src/components/employee/EmployeeQuickStats.tsx,no-barrel
src/components/contracts/DocumentUploadDialog.tsx,no-barrel
src/components/fleet/EnhancedVehiclePricingPanel.tsx,no-barrel
src/components/exports/LazyExportDialog.tsx,no-barrel
src/hooks/useAISystemMonitor.ts,no-barrel
src/pages/settings/CustomerAccountSettings.tsx,no-barrel
src/components/navigation/SidebarFavorites.tsx,no-barrel
src/components/help/content/DriversPageHelp.tsx,no-barrel
src/components/finance/EnhancedDeleteAllAccountsDialog.tsx,no-barrel
src/components/empty-states/EmptyDashboard.tsx,barrel-not-imported
src/stores/ui-store.ts,no-barrel
src/components/navigation/PreloadLink.tsx,no-barrel
src/components/finance/EnhancedInvoiceActions.tsx,no-barrel
src/components/legal/ScheduleCallsDialog.tsx,no-barrel
src/components/dashboard/car-rental/MaintenanceScheduleWidget.tsx,no-barrel
src/lib/compatibleForm.ts,no-barrel
src/components/help/content/PropertyOwnersPageHelp.tsx,no-barrel
src/pages/legal/LawsuitPreparation/components/LegalHeader.tsx,no-barrel
src/utils/componentCleanup.ts,no-barrel
src/components/examples/MonitoredQueryExample.tsx,no-barrel
src/components/contracts/ContractTemplates.tsx,no-barrel
src/pages/finance/InvoiceJournalIntegration.tsx,no-barrel
src/components/performance/TestRunner.tsx,no-barrel
src/pages/finance/JournalEntriesDemo.tsx,no-barrel
src/hooks/useSmartSuggestions.ts,no-barrel
src/components/dashboard/car-rental/RevenueOptimizationWidget.tsx,no-barrel
src/pages/finance/UnifiedReports.tsx,no-barrel
src/components/demo/DemoDashboardAccess.tsx,barrel-not-imported
src/pages/finance/BadDebtProvision.tsx,no-barrel
src/components/finance/hub/ActivityTimeline.tsx,no-barrel
src/components/ui/simple-toaster.tsx,no-barrel
src/components/csv/CSVFixPreview.tsx,no-barrel
src/components/help/content/ContractsHelp.tsx,no-barrel
src/components/finance/InvoiceIntegrationPanel.tsx,no-barrel
src/components/customers/CustomerSidePanel.tsx,no-barrel
src/pages/legal/LegalReports.tsx,no-barrel
src/components/mobile/MobileInput.tsx,barrel-not-imported
src/utils/cleanup-orphaned-records.ts,no-barrel
src/components/help/content/ContractsPageHelp.tsx,no-barrel
src/pages/finance/AuditAndSettings.tsx,no-barrel
src/hooks/useConversationMemory.ts,no-barrel
src/pages/mobile/MobileCustomers.tsx,no-barrel
src/components/ui/skeletons/ChartSkeleton.tsx,barrel-not-imported
src/components/tour-guide/TourContext.tsx,barrel-not-imported
src/hooks/useRealTimeInventory.ts,no-barrel
src/components/settings/ColorPicker.tsx,no-barrel
src/pages/legal/LawsuitPreparation/components/LegalActions.tsx,no-barrel
src/components/employee/EmployeeActivityLog.tsx,no-barrel
src/components/fleet/NewFeaturesIndex.ts,no-barrel
src/pages/fleet/reports/components/FleetKPICards.tsx,barrel-not-imported
src/components/ui/SuccessAnimation.tsx,no-barrel
src/components/vehicle-installments/MultiVehicleContractForm.tsx,no-barrel
src/components/finance/BudgetExecutionSummary.tsx,no-barrel
src/components/approval/ApprovalDashboard.tsx,no-barrel
src/components/legal/LegalWarningDialog.tsx,no-barrel
src/components/contracts/ContractApprovalWorkflow.tsx,no-barrel
src/components/integrations/InventoryReservationBadge.tsx,no-barrel
src/components/dashboard/QuickStatsRow.tsx,no-barrel
src/components/onboarding/TourStep.tsx,barrel-not-imported
src/pages/finance/settings/AccountsSettings.tsx,no-barrel
src/components/help/HelpContent.tsx,no-barrel
src/components/finance/PendingJournalEntriesManager.tsx,barrel-not-imported
src/components/customers/BulkDeleteCustomersDialog.tsx,barrel-not-imported
src/pages/legal/LawsuitPreparation/utils/documentGenerators.ts,barrel-not-imported
src/components/premium-landing/PremiumFooter.tsx,barrel-not-imported
src/services/InvoiceService.ts,barrel-not-imported
src/hooks/useContractCustomerIntegration.ts,no-barrel
src/components/dashboard/customization/MobileOptimizedDashboard.tsx,barrel-not-imported
src/components/fleet/VehicleAlertPanel.tsx,no-barrel
src/components/dashboard/customization/DashboardCustomizer.tsx,barrel-not-imported
src/lib/inventory/demandForecasting.ts,no-barrel
src/utils/fuzzyMatchingFixed.ts,no-barrel
src/hooks/useCustomerPDFReport.ts,no-barrel
src/pages/finance/CostCenters.tsx,no-barrel
src/schemas/common.schema.ts,barrel-not-imported
src/components/finance/ParentAccountSelector.tsx,no-barrel
src/components/help/content/GeneralLedgerPageHelp.tsx,no-barrel
src/components/ui/chart.tsx,no-barrel
src/pages/legal/LawsuitPreparation/utils/caseRegistration.ts,barrel-not-imported
src/services/core/BaseService.ts,barrel-not-imported
src/components/ui/form-field-with-validation.tsx,no-barrel
src/pages/PropertyPayments.tsx,no-barrel
src/components/ui/tracing-beam.tsx,no-barrel
src/pages/legal/LawsuitPreparation/components/LegalDocuments.tsx,no-barrel
src/utils/lawsuitExcelGenerator.ts,no-barrel
src/components/invoices/InvoiceMatchingView.tsx,no-barrel
src/components/customers/DriverLicenseManager.tsx,barrel-not-imported
src/hooks/useEnhancedFinancialOverview.ts,no-barrel
src/hooks/useBranches.ts,no-barrel
src/components/customers/CustomerInvoicesTab.tsx,barrel-not-imported
src/components/legal/CaseDashboard.tsx,barrel-not-imported
src/components/ui/swipeable-components.tsx,no-barrel
src/components/employee/dialogs/CallLogDialog.tsx,barrel-not-imported
src/components/help/content/TrafficViolationsPageHelp.tsx,no-barrel
src/components/finance/AccountsListWithActions.tsx,no-barrel
src/components/finance/AccountStatementDialog.tsx,no-barrel
src/components/integrations/QuickQuoteButton.tsx,no-barrel
src/routes/admin.routes.ts,no-barrel
src/lib/permissions.ts,no-barrel
src/pages/finance/Calculator.tsx,no-barrel
src/components/help/content/PaymentTrackingPageHelp.tsx,no-barrel
src/components/loaders/SkeletonCard.tsx,barrel-not-imported
src/services/repositories/ContractRepository.ts,barrel-not-imported
src/components/legal/SettlementProposal.tsx,barrel-not-imported
src/components/filters/DateRangePicker.tsx,barrel-not-imported
src/components/finance/charts/EnhancedAccountsVisualization.tsx,no-barrel
src/components/contracts/ConvertToLegalDialog.tsx,no-barrel
src/hooks/useTranslation.tsx,no-barrel
src/components/employee/QuickActionButtons.tsx,no-barrel
src/pages/fleet/FleetFinancialAnalysisNew.tsx,no-barrel
src/components/hr/permissions/ApprovalWorkflow.tsx,no-barrel
src/components/fleet/VehicleFleetHTMLReport.types.ts,no-barrel
src/services/taqadi/TaqadiBrowserAutomation.ts,no-barrel
src/components/customers/DuplicateCustomerDialog.tsx,barrel-not-imported
src/components/integrations/InventoryAvailabilityBadge.tsx,no-barrel
src/components/finance/enhanced-editing/InteractiveAccountTree.tsx,no-barrel
src/lib/validateEnv.ts,no-barrel
src/components/super-admin/payments/CompanySubscriptionsList.tsx,no-barrel
src/components/shared/CustomerSelector.tsx,no-barrel
src/lib/security-test.ts,no-barrel
src/hooks/useEnhancedContractUpload.ts,no-barrel
src/server/utils/redis.ts,no-barrel
src/components/finance/DemoDataGenerator.tsx,no-barrel
src/components/dashboard/EnhancedStatsGrid.tsx,no-barrel
src/components/dashboard/DocumentExpiryAlerts.tsx,no-barrel
src/components/dashboard/EnhancedSecurityDashboard.tsx,no-barrel
src/components/filters/FilterBar.tsx,barrel-not-imported
src/components/fleet/MaintenanceList.tsx,no-barrel
src/components/legal/CaseListTable.tsx,barrel-not-imported
src/components/finance/wizard/AccountsMapping.tsx,no-barrel
src/components/dashboard/bento/Sparkline.tsx,no-barrel
src/components/help/HelpButton.tsx,no-barrel
src/components/customers/CustomerAccountSelector.tsx,barrel-not-imported
src/components/finance/ChartOfAccountsCSVUpload.tsx,no-barrel
src/components/navigation/UnifiedSidebar.tsx,no-barrel
src/components/finance/wizard/WizardCompletion.tsx,no-barrel
src/components/landing/enterprise/EnterpriseCTA.tsx,no-barrel
src/services/contractTemplateService.ts,no-barrel
src/components/contracts/AlarafOfficialContract.tsx,no-barrel
src/components/navigation/QuickLinks.tsx,no-barrel
src/components/contracts/ContractInvoiceGenerator.tsx,no-barrel
src/components/dashboard/bento/EnhancedBentoDashboard.tsx,no-barrel
src/components/finance/CashReceiptVoucher.tsx,barrel-not-imported
src/events/handlers/ContractEventHandlers.ts,barrel-not-imported
src/components/fleet/EnhancedVehicleInsurancePanel.tsx,no-barrel
src/components/customers/CustomersSmartDashboard.tsx,no-barrel
src/hooks/useFABActions.ts,no-barrel
src/pages/mobile/MobileContracts.tsx,no-barrel
src/utils/navigationOptimization.ts,no-barrel
src/components/forms/AutoSaveFormWrapper.tsx,barrel-not-imported
src/events/handlers/PaymentEventHandlers.ts,barrel-not-imported
src/components/customers/CustomerDisplayName.tsx,barrel-not-imported
src/components/finance/charts/ExportAccountsUtility.tsx,no-barrel
src/components/help/content/ChartOfAccountsPageHelp.tsx,no-barrel
src/components/dashboard/car-rental/RentalAnalyticsWidget.tsx,no-barrel
src/components/help/content/AttendancePageHelp.tsx,no-barrel
src/pages/hr/UnifiedSettings.tsx,no-barrel
src/components/finance/DetailedJournalEntryView.tsx,no-barrel
src/routes/hr.routes.ts,no-barrel
src/components/legal/SendReportTaskDialog.tsx,no-barrel
src/components/contracts/QuickPreviewModal.tsx,no-barrel
src/components/contracts/ContractHtmlViewer.tsx,no-barrel
src/components/reports/SimpleDataTable.tsx,barrel-not-imported
src/hooks/useErrorHandler.ts,no-barrel
src/components/contracts/VirtualizedContractsList.tsx,no-barrel
src/components/finance/FinanceSystemDiagnostics.tsx,no-barrel
src/pages/finance/settings/JournalEntriesSettings.tsx,no-barrel
src/utils/advancedTabSync.ts,no-barrel
src/components/fleet/VehicleFilters.tsx,no-barrel
src/components/dashboard/AnimatedDashboardBackground.tsx,no-barrel
src/components/InvoiceScannerDemo.tsx,no-barrel
src/hooks/useCustomerCRM.ts,no-barrel
src/components/hr/LeaveRequestReviewDialog.tsx,no-barrel
src/components/contracts/TenantSelector.tsx,no-barrel
src/hooks/integrations/useVendorPerformanceScorecard.ts,no-barrel
src/components/ai-chat-assistant/AssistantContext.tsx,no-barrel
src/components/contracts/ContractCreationErrorHandler.tsx,no-barrel
src/components/legal/LegalComplaintGenerator.tsx,no-barrel
src/lib/request-deduplication.ts,no-barrel
src/pages/finance/Reports.tsx,no-barrel
src/components/performance/MobileOptimizationProvider.tsx,barrel-not-imported
src/components/finance/charts/SmartAccountWizard.tsx,no-barrel
src/components/finance/advanced-reports/FinancialTrendsReport.tsx,no-barrel
src/components/dashboard/customization/OptimizedDashboard.tsx,barrel-not-imported
src/components/finance/SimpleDeleteAllAccountsDialog.tsx,no-barrel
src/types/legal.ts,no-barrel
src/pages/finance/MonthlyRentTracking.tsx,no-barrel
src/components/fleet/VehicleAlertsPanel.tsx,no-barrel
src/components/dashboard/AlertsNotificationBell.tsx,no-barrel
src/components/FeedbackForm.tsx,no-barrel
src/components/ui/responsive-modal.tsx,no-barrel
src/components/fleet/TrafficViolationSidePanel.tsx,no-barrel
src/components/ui/skeleton-loader.tsx,no-barrel
src/components/dashboard/CleanActivityFeed.tsx,no-barrel
src/components/fleet/VehicleCard.tsx,no-barrel
src/events/EventBus.ts,barrel-not-imported
src/pages/dashboards/RealEstateDashboard.tsx,no-barrel
src/scripts/link-violations-to-contracts.ts,no-barrel
src/components/fleet/VehicleDocumentsPanel.tsx,no-barrel
src/components/help/content/ReportsPageHelp.tsx,no-barrel
src/components/customers/CustomerAccountsManager.tsx,barrel-not-imported
src/components/layouts/sidebar-config.ts,no-barrel
src/components/finance/VendorAccountSelector.tsx,no-barrel
src/hooks/useNumericalQueryHandler.ts,no-barrel
src/hooks/useInventoryReporting.ts,no-barrel
src/pages/finance/settings/CustomerAccountSettings.tsx,no-barrel
src/components/customers/CustomerAccountStatus.tsx,no-barrel
src/server/middleware/requestLogger.ts,no-barrel
src/pages/admin/MonitoringDashboard.tsx,no-barrel
src/components/landing/enterprise/EnterpriseFloatingElements.tsx,no-barrel
src/components/legal/LegalDocumentGenerator.tsx,barrel-not-imported
src/components/legal/CustomerLegalCaseDialog.tsx,no-barrel
src/pages/fleet/reports/components/ReportFilters.tsx,barrel-not-imported
src/pages/finance/operations/ReceivePaymentWorkflow.tsx,no-barrel
src/components/ui/ResponsiveTable.tsx,no-barrel
src/components/landing/TrustedCompanies.tsx,no-barrel
src/components/legal/document-generator/AIAssistant.tsx,no-barrel
src/components/contracts/ExpressContractForm.tsx,barrel-not-imported
src/components/finance/ReturnDepositDialog.tsx,no-barrel
src/pages/finance/AlertsPage.tsx,no-barrel
src/components/ui/resizable.tsx,no-barrel
src/hooks/useEnhancedRecentActivities.ts,no-barrel
src/components/performance/mobile/MobilePerformanceDashboard.tsx,no-barrel
src/components/super-admin/TransferUserDialog.tsx,no-barrel
src/components/fleet/vehicle-document-distribution/types.ts,no-barrel
src/components/contracts/ContractStatusBadge.tsx,no-barrel
src/server/middleware/compression.ts,no-barrel
src/components/finance/DepartmentIntegrationSummary.tsx,no-barrel
src/server/routes/violations.ts,no-barrel
src/components/contracts/ProactiveAlertSystem.tsx,no-barrel
src/components/finance/FixMissingInvoices.tsx,no-barrel
src/components/reports/SimpleReportHeader.tsx,barrel-not-imported
src/pages/finance/FinanceSettings.tsx,no-barrel
src/components/contracts/InlineDuplicateSuggestion.tsx,no-barrel
src/components/tour-guide/TourGuide.tsx,barrel-not-imported
src/hooks/integrations/useInventoryPOSummary.ts,no-barrel
src/components/finance/FinancialObligationsTable.tsx,no-barrel
src/hooks/useBudgetVarianceReport.ts,no-barrel
src/pages/finance/Ledger.tsx,no-barrel
src/components/fleet/FleetAnalytics.tsx,no-barrel
src/components/finance/charts/AccountSummaryPanel.tsx,no-barrel
src/components/help/content/CustomersPageHelp.tsx,no-barrel
src/hooks/api/useViolationsApi.ts,barrel-not-imported
src/components/ui/navigation-menu.tsx,no-barrel
src/components/employee/EmployeeTodayTasks.tsx,no-barrel
src/components/fleet/VehicleReservationSystem.tsx,no-barrel
src/components/mobile/BottomNavigation.tsx,no-barrel
src/components/employee/dialogs/ScheduleFollowupDialog.tsx,barrel-not-imported
src/pages/AuditPage.tsx,no-barrel
src/scripts/link-violations-to-vehicles.ts,no-barrel
src/workers/ReportGenerationWorker.ts,no-barrel
src/components/vehicles/VehicleGallery.tsx,no-barrel
src/pages/finance/settings/AutomaticAccountsSettings.tsx,no-barrel
src/server/routes/dashboard.ts,no-barrel
src/components/finance/csv-import/AccountsPreviewTable.tsx,no-barrel
src/components/ui/skeletons/TableSkeleton.tsx,barrel-not-imported
src/components/contracts/ContractHealthDashboard.tsx,no-barrel
src/contexts/AccessibilityContext.tsx,no-barrel
src/components/RealWorldTestingInfrastructure.tsx,no-barrel
src/components/fleet/DispatchPermitDetailsDialog.tsx,no-barrel
src/services/InvoiceNumberGenerator.ts,no-barrel
src/components/customers/CreateCustomerDialog.tsx,barrel-not-imported
src/hooks/useUniversalDataReader.ts,no-barrel
src/hooks/api/useInvoicesApi.ts,barrel-not-imported
src/components/contracts/DocumentOperationMonitor.tsx,no-barrel
src/lib/i18n/locales.ts,no-barrel
src/components/mobile/VoiceRecorder.tsx,barrel-not-imported
src/components/contracts/ContractModeSelector.tsx,no-barrel
src/pages/finance/PaymentsDashboard.tsx,no-barrel
src/pages/finance/FinanceHub.tsx,no-barrel
src/components/layouts/EnhancedSidebar.tsx,no-barrel
src/services/imagePreprocessor.ts,no-barrel
src/components/ui/context-menu.tsx,no-barrel
src/components/contracts/ContractSummary.tsx,no-barrel
src/pages/CashReceiptDemo.tsx,no-barrel
src/components/common/design-system/GlassCard.tsx,barrel-not-imported
src/components/dashboard/InventoryAlertsWidget.tsx,no-barrel
src/components/customers/CustomerAccountTabs.tsx,no-barrel
src/utils/debugCustomerAccess.ts,no-barrel
src/pages/finance/Budgets.tsx,no-barrel
src/components/help/content/QuotationsPageHelp.tsx,no-barrel
src/hooks/useTrafficViolationLegalIntegration.ts,no-barrel
src/pages/finance/JournalPermissions.tsx,no-barrel
src/pages/finance/InvoiceJournalReport.tsx,no-barrel
src/components/contracts/ContractTemplateSelector.tsx,no-barrel
src/hooks/business/useContractCalculations.ts,no-barrel
src/components/help/content/VehiclesPageHelp.tsx,no-barrel
src/hooks/useVoiceCommands.ts,no-barrel
src/components/finance/PayrollIntegrationCard.tsx,barrel-not-imported
src/components/contracts/vehicle-inspection/VehicleMarkingExample.tsx,no-barrel
src/components/admin/ApiPerformanceDashboard.tsx,no-barrel
src/pages/Collections.tsx,no-barrel
src/components/common/LazyLoad.tsx,no-barrel
src/components/finance/AutoInvoiceGenerationTab.tsx,no-barrel
src/lib/compatibleMotion.tsx,no-barrel
src/utils/templateEngine.ts,no-barrel
src/components/dashboard/Enhanced3DStatsGrid.tsx,no-barrel
src/components/features/WhatsNewBadge.tsx,barrel-not-imported
src/components/fleet/VehicleSidePanel.tsx,no-barrel
src/components/mobile/VoiceInput.tsx,barrel-not-imported
src/components/contracts/LateFinesTab.tsx,no-barrel
src/components/reports/SimpleReportFooter.tsx,barrel-not-imported
src/components/common/EnhancedFeatureGate.tsx,no-barrel
src/server/services/rbac.ts,no-barrel
src/components/premium-landing/IntegrationsSection.tsx,barrel-not-imported
src/pages/fleet/VehicleConditionCheck.tsx,no-barrel
src/components/common/BrowsingIndicator.tsx,no-barrel
src/components/dashboard/FleetOperationsSection.tsx,no-barrel
src/hooks/useCompatibleForm.ts,no-barrel
src/components/hr/permissions/PermissionAnalytics.tsx,no-barrel
src/components/hr/permissions/PermissionsDashboard.tsx,no-barrel
src/components/finance/FleetifyAI_Dashboard.tsx,no-barrel
src/components/legal/CaseTimeline.tsx,barrel-not-imported
src/stores/migration-utils.ts,no-barrel
src/hooks/api/useCustomersApi.ts,barrel-not-imported
src/components/contracts/ContractExpirationAlerts.tsx,no-barrel
src/hooks/useContractStatusChecker.ts,no-barrel
src/hooks/useScrollDirection.ts,no-barrel
src/hooks/useRealtimeNotifications.ts,no-barrel
src/components/legal/TimelineEntryDialog.tsx,barrel-not-imported
src/components/legal/CaseStatusManager.tsx,barrel-not-imported
src/services/PaymentNumberGenerator.ts,no-barrel
src/components/ui/responsive-grid.tsx,no-barrel
src/components/ui/native-card.tsx,no-barrel
src/lib/security.ts,no-barrel
src/components/pwa/InstallPrompt.tsx,no-barrel
src/hooks/company/useCompanyAccess.ts,no-barrel
src/components/customers/DeleteDuplicateCustomers.tsx,no-barrel
src/components/finance/charts/ChartValidationPanel.tsx,no-barrel
src/examples/api-monitoring-example.tsx,no-barrel
src/components/contracts/ContractJournalEntryStatus.tsx,no-barrel
src/components/finance/charts/AccountTooltip.tsx,no-barrel
src/hooks/useContractTemplate.ts,no-barrel
src/hooks/useCompany.ts,no-barrel
src/components/legal/wizardTranslations.ts,no-barrel
src/components/mobile/MobileDataList.tsx,no-barrel
src/components/finance/EnhancedFinancialReportsViewer.tsx,no-barrel
src/hooks/useInteractiveClarification.ts,no-barrel
src/components/contracts/VehicleHandoverForm.tsx,no-barrel
src/pages/legal/LegalCasesTrackingTest.tsx,no-barrel
src/hooks/useDynamicCurrencyFormat.ts,no-barrel
src/components/performance/PerformanceTestSuite.tsx,no-barrel
src/server/routes/invoices.ts,no-barrel
src/components/finance/workflow/WorkflowEngine.tsx,no-barrel
src/utils/responsiveTesting.ts,no-barrel
src/components/contracts/ContractViolationsTabRedesigned.tsx,no-barrel
src/server/routes/employees.ts,no-barrel
src/components/audit/AuditLogDetailsDialog.tsx,barrel-not-imported
src/components/dashboard/customization/SmartInsights.tsx,barrel-not-imported
src/components/hr/UserAuditLog.tsx,no-barrel
src/components/analytics/SmartAnalyticsPanel.tsx,no-barrel
src/hooks/integrations/usePurchaseOrderFinancialIntegration.ts,no-barrel
src/components/exports/PrintView.tsx,barrel-not-imported
src/components/contracts/EnhancedContractDashboard.tsx,no-barrel
src/server/routes/vehicles.ts,no-barrel
src/components/contracts/AlarafOfficialContractComplete.tsx,barrel-not-imported
src/components/finance/charts/TemplatePreviewDialog.tsx,no-barrel
src/components/hr/permissions/AdvancedPermissionTemplates.tsx,no-barrel
src/components/fleet/MaintenanceAccountMappingDialog.tsx,no-barrel
src/components/dashboard/SystemActivityCard.tsx,no-barrel
src/components/notifications/NotificationsList.tsx,no-barrel
src/components/premium-landing/StatsSection.tsx,barrel-not-imported
src/components/ui/LoadingProgress.tsx,no-barrel
src/components/contracts/PaymentFilters.tsx,no-barrel
src/components/common/VirtualList.tsx,no-barrel
src/components/finance/FinancialAlertsSystem.tsx,barrel-not-imported
src/components/ui/expandable-tabs-demo.tsx,no-barrel
src/components/performance/LazyComponent.tsx,barrel-not-imported
src/components/ui/native-spinner.tsx,no-barrel
src/lib/cdn-loader.ts,no-barrel
src/pages/finance/GeneralAccounting.tsx,no-barrel
src/hooks/useMonitoring.ts,no-barrel
src/hooks/company/useBrowsingMode.ts,no-barrel
src/components/legal/document-generator/AIFieldSuggestions.tsx,no-barrel
src/pages/inventory/Inventory.tsx,no-barrel
src/components/customers/VirtualizedCustomerTable.tsx,no-barrel
src/components/dashboard/EnhancedStatsCard.tsx,no-barrel
src/components/contracts/payment-schedules/PaymentSchedulesList.tsx,no-barrel
src/pages/legal/LawsuitPreparation/components/TaqadiSection/TaqadiDataCard.tsx,barrel-not-imported
src/hooks/useUnpaidCustomerSearch.ts,no-barrel
src/hooks/api/useDashboardApi.ts,barrel-not-imported
src/components/contracts/ContractCard.tsx,no-barrel
src/components/common/HeavyComponentWrapper.tsx,no-barrel
src/components/legal/NoticeAutoFiller.tsx,barrel-not-imported
src/hooks/useAdvancedContextEngine.ts,no-barrel
src/hooks/useAdaptiveContent.ts,no-barrel
src/pages/fleet/reports/types/reports.types.ts,no-barrel
src/pages/finance/settings/FinancialSystemAnalysis.tsx,no-barrel
src/components/finance/AccountChangeHistory.tsx,no-barrel
src/components/employee/EmployeeContractsList.tsx,no-barrel
src/services/whatsapp/ReportScheduler.ts,barrel-not-imported
src/hooks/useDashboardStatsOptimized.ts,no-barrel
src/hooks/useInventoryAdjustment.ts,no-barrel
src/pages/finance/InvoiceReports.tsx,no-barrel
src/components/invoices/InvoiceOCRResults.tsx,no-barrel
src/components/payments/PaymentPlansManager.tsx,barrel-not-imported
src/components/mobile/MobileFormLayout.tsx,no-barrel
src/lib/enhancedErrorHandler.ts,no-barrel
src/components/premium-landing/PremiumHero.tsx,barrel-not-imported
src/hooks/useContractCSVUploadFixed.ts,no-barrel
src/examples/i18n-usage-example.tsx,no-barrel
src/utils/mobileInputProps.ts,no-barrel
src/modules/tenants/components/TenantTable.tsx,barrel-not-imported
src/utils/offlineStorage.ts,no-barrel
src/components/loaders/SkeletonChart.tsx,barrel-not-imported
src/components/taqadi/TaqadiControlPanel.tsx,barrel-not-imported
src/components/payments/CustomerPaymentIntelligence.tsx,barrel-not-imported
src/components/finance/AccountsTreeView.tsx,no-barrel
src/components/contracts/EnhancedPaymentScheduleTabRedesigned.tsx,no-barrel
src/components/layouts/UnifiedLayout.tsx,no-barrel
src/components/payments/PaymentCalendar.tsx,barrel-not-imported
src/components/contracts/ContractVehicleReturnForm.tsx,no-barrel
src/components/finance/QuickSystemCheck.tsx,no-barrel
src/components/ui/hero-195-demo.tsx,no-barrel
src/components/customers/CustomerImportWizard.tsx,barrel-not-imported
src/components/fleet/ViolationImportReport.tsx,no-barrel
src/components/landing/InteractiveCard.tsx,no-barrel
src/hooks/useMobileTypography.tsx,no-barrel
src/components/loaders/SkeletonWidget.tsx,barrel-not-imported
src/pages/finance/Payments.tsx,no-barrel
src/components/legal/SettlementTracking.tsx,barrel-not-imported
src/pages/finance/AccountMappings.tsx,no-barrel
src/hooks/useBulkAccountDeletion.ts,no-barrel
src/components/csv-templates/CSVTemplatePreview.tsx,no-barrel
src/components/help/content/PayrollPageHelp.tsx,no-barrel
src/hooks/useSimpleUpdateCustomer.ts,no-barrel
src/components/layouts/ResponsiveDashboardLayout.tsx,no-barrel
src/pages/finance/UnifiedFinance.tsx,no-barrel
src/components/ui/welcome-screen.tsx,no-barrel
src/components/drilldown/DrillDownModal.tsx,barrel-not-imported
src/components/fleet/VehicleSplitView.tsx,no-barrel
src/components/layouts/ResponsiveHeader.tsx,no-barrel
src/hooks/api/useContractsApi.ts,barrel-not-imported
src/pages/legal/LegalDocumentGenerator.tsx,no-barrel
src/components/filters/MultiSelectFilter.tsx,barrel-not-imported
src/server/middleware/auth.ts,no-barrel
src/components/dashboard/FinancialAnalyticsSection.tsx,no-barrel
src/components/integrations/QuickPurchaseOrderButton.tsx,barrel-not-imported
src/pages/legal/LawsuitPreparation/components/DocumentList/DocumentItem.tsx,barrel-not-imported
src/server/middleware/csrf.ts,no-barrel
src/components/finance/wizard/BusinessTypeSelection.tsx,no-barrel
src/components/help/content/FinanceReportsPageHelp.tsx,no-barrel
src/pages/legal/LawsuitPreparation/components/Actions/ActionBar.tsx,barrel-not-imported
src/components/contracts/DocumentSavingProgress.tsx,no-barrel
src/utils/exports/csvExport.ts,no-barrel
src/services/repositories/PaymentRepository.ts,barrel-not-imported
src/pages/CustomDashboardDemo.tsx,no-barrel
src/pages/finance/settings/CostCentersSettings.tsx,no-barrel
src/utils/vehicleSelector.ts,no-barrel
src/lib/performance-monitor.ts,no-barrel
src/utils/breadcrumbConfig.ts,no-barrel
src/lib/encryption.ts,no-barrel
src/hooks/useContinuousLearningSystem.ts,no-barrel
src/scripts/delete-violations-without-vehicles.ts,no-barrel
src/pages/legal/LawsuitPreparation/components/DocumentList/MandatoryDocs.tsx,barrel-not-imported
src/scripts/generate-all-contract-invoices.ts,no-barrel
src/components/performance/PerformanceDashboard.tsx,no-barrel
src/components/legal/SimpleCasesTab.tsx,no-barrel
src/components/premium-landing/CTASection.tsx,barrel-not-imported
src/components/customers/CustomerSplitView.tsx,barrel-not-imported
src/components/super-admin/CompanyModulesManager.tsx,no-barrel
src/hooks/useEmployeeContracts.tsx,no-barrel
src/pages/legal/LawsuitPreparation/components/DocumentList/OptionalDocs.tsx,barrel-not-imported
src/services/core/ServiceInitializer.ts,no-barrel
src/components/reports/ReportsMobileActionButtons.tsx,barrel-not-imported
src/components/help/content/LegalPageHelp.tsx,no-barrel
src/components/forms/DraftStatusIndicator.tsx,barrel-not-imported
src/components/dashboard/customization/HierarchicalDashboard.tsx,barrel-not-imported
src/components/fleet/VehicleInsurancePanel.tsx,no-barrel
src/components/finance/ProfessionalAccountStatement.tsx,no-barrel
src/server/routes/customers.ts,no-barrel
src/components/loaders/SkeletonForm.tsx,barrel-not-imported
src/utils/invoiceScannerCache.ts,no-barrel
src/components/contracts/ContractPrintDialog.tsx,no-barrel
src/components/contracts/QuickActionsButton.tsx,no-barrel
src/server/middleware/errorHandler.ts,no-barrel
src/components/premium-landing/PricingSection.tsx,barrel-not-imported
src/components/dashboard/MinimalAlertSystem.tsx,no-barrel
src/components/common/TabErrorFallback.tsx,no-barrel
src/contexts/FeatureFlagsContext.tsx,no-barrel
src/components/hr/LeaveRequestDetailsDialog.tsx,no-barrel
src/components/finance/csv-import/AccountsTreeView.tsx,no-barrel
src/components/invoices/InvoiceLineItemBreakdown.tsx,barrel-not-imported
src/components/finance/ActivityFilter.tsx,no-barrel
src/components/contracts/VehicleConditionWizardStep.tsx,no-barrel
src/utils/cacheUtils.ts,no-barrel
src/pages/mobile/MobileCars.tsx,no-barrel
src/components/customers/DocumentAlertsPanel.tsx,no-barrel
src/hooks/useUserPermissionsSummary.ts,no-barrel
src/components/dashboard/InteractiveDashboardCard.tsx,no-barrel
src/components/layouts/AppSidebar.tsx,no-barrel
src/components/ui/native-button.tsx,no-barrel
src/components/fleet/vehicle-document-distribution/constants.ts,no-barrel
src/components/finance/DepositForm.tsx,no-barrel
src/components/fleet/TrafficViolationPDFImport.tsx,no-barrel
src/components/customers/AccountingSettings.tsx,barrel-not-imported
src/lib/monitoring/infrastructure.ts,no-barrel
src/components/customers/CustomerDetailsDialog.tsx,barrel-not-imported
src/components/ui/hover-card.tsx,no-barrel
src/components/contracts/ContractValidationSummary.tsx,no-barrel
src/components/contracts/ContractAmendmentsList.tsx,barrel-not-imported
src/components/contracts/ContractsEnhancedHeader.tsx,no-barrel
src/components/customers/AccountLinking.tsx,barrel-not-imported
src/components/finance/InvoiceForm.tsx,barrel-not-imported
src/lib/csrf.ts,no-barrel
src/utils/currencyHelper.ts,no-barrel
src/components/fleet/VehiclePricingPanel.tsx,no-barrel
src/pages/legal/LawsuitPreparation/utils/zipExport.ts,barrel-not-imported
src/components/contracts/ContractVehicleConditionReport.tsx,no-barrel
src/components/reports/SimpleReportSummary.tsx,barrel-not-imported
src/components/finance/AccountBalanceHistory.tsx,no-barrel
src/pages/dashboards/CarRentalDashboard.tsx,no-barrel
src/components/legal/DelinquentDetailsDialog.tsx,no-barrel
src/utils/mobileTouchTargets.ts,no-barrel
src/components/finance/wizard/BankSetup.tsx,no-barrel
src/scripts/sync-agreement-numbers.ts,no-barrel
src/components/ui/drawer.tsx,no-barrel
src/components/customers/CreateCustomerWithDuplicateCheck.tsx,no-barrel
src/components/legal/RiskAnalyzer.tsx,barrel-not-imported
src/modules/core/utils/moduleUtils.ts,no-barrel
src/services/core/QueryOptimizer.ts,no-barrel
src/scripts/create-missing-invoices.ts,no-barrel
src/services/LateFeeCalculator.ts,no-barrel
src/hooks/useEmployeePerformance.tsx,no-barrel
src/components/help/content/InventoryPageHelp.tsx,no-barrel
src/components/help/content/PropertiesPageHelp.tsx,no-barrel
src/components/hr/AccountRequestsList.tsx,no-barrel
src/pages/finance/Deposits.tsx,no-barrel
src/components/dashboard/VendorPerformanceWidget.tsx,no-barrel
src/pages/fleet/reports/components/ReportGeneratorRedesigned.tsx,no-barrel
src/components/customers/CustomerAccountBalance.tsx,barrel-not-imported
src/hooks/useTouchInteraction.ts,no-barrel
src/components/help/content/FinancialTrackingPageHelp.tsx,no-barrel
src/components/exports/ExportButton.tsx,barrel-not-imported
src/components/loaders/SkeletonTable.tsx,barrel-not-imported
src/lib/monitoring/core.ts,no-barrel
src/components/landing/enterprise/EnterpriseFeatures.tsx,barrel-not-imported
src/components/legal/BulkRemindersDialog.tsx,no-barrel
src/components/help/content/VehicleInstallmentsPageHelp.tsx,no-barrel
src/pages/fleet/reports/FleetReportsPage.tsx,barrel-not-imported
src/utils/perfDebug.ts,no-barrel
src/services/ContractService.ts,barrel-not-imported
src/components/fleet/VehicleComprehensiveReportDialog.tsx,no-barrel
src/lib/i18n/businessRules.ts,no-barrel
src/hooks/useStatisticalQueryHandler.ts,no-barrel
src/hooks/useAdvancedLateFineSystem.ts,no-barrel
src/components/finance/InvoiceCard.tsx,barrel-not-imported
src/components/contracts/ContractInvoicesTabRedesigned.tsx,no-barrel
src/components/fleet/TrafficViolationPaymentForm.tsx,no-barrel
src/pages/mobile/MobileOverduePage.tsx,no-barrel
src/lib/api-monitoring/middleware.ts,no-barrel
src/schemas/contract.schema.ts,barrel-not-imported
src/services/PaymentQueueService.ts,no-barrel
src/components/vehicle-installments/VehicleInstallmentForm.tsx,no-barrel
src/events/types.ts,barrel-not-imported
src/components/dashboard/SalesPipelineWidget.tsx,no-barrel
src/hooks/useDashboardLayout.improved.ts,no-barrel
src/hooks/useBreadcrumbs.ts,no-barrel
src/components/help/content/InvoicesPageHelp.tsx,no-barrel
src/components/legal/SettlementCompliance.tsx,barrel-not-imported
src/components/help/content/UsersPageHelp.tsx,no-barrel
src/components/ui/input-otp.tsx,no-barrel
src/components/landing/enterprise/EnterpriseHowItWorks.tsx,barrel-not-imported
src/components/demo/DemoTrialBanner.tsx,barrel-not-imported
src/components/help/content/DashboardPageHelp.tsx,no-barrel
src/components/help/content/SettingsPageHelp.tsx,no-barrel
src/utils/cacheConfig.ts,no-barrel
src/hooks/useSelfLearningAI.ts,no-barrel
src/scripts/delete-duplicate-violations.ts,no-barrel
src/components/help/content/JournalEntriesPageHelp.tsx,no-barrel
src/components/admin/DuplicateInvoicesReport.tsx,no-barrel
src/pages/api/admin/transfer-user.ts,no-barrel
src/utils/official-letters/types.ts,no-barrel
src/scripts/import-traffic-violations-from-pdf.ts,no-barrel
src/components/contracts/VehicleReturnFormDialog.tsx,no-barrel
src/pages/finance/NewEntry.tsx,no-barrel
src/components/help/PageHelp.tsx,no-barrel
src/components/contracts/CheckInChargesBreakdown.tsx,no-barrel
src/components/customers/CustomerFormWithDuplicateCheck.tsx,barrel-not-imported
src/components/contracts/ContractSignature.tsx,no-barrel
src/components/fleet/VehicleConditionReportDialog.tsx,no-barrel
src/pages/fleet/MaintenanceAccounting.tsx,no-barrel
src/components/finance/BudgetVarianceReport.tsx,no-barrel
src/components/reports/ReportsMobileHeader.tsx,barrel-not-imported
src/components/contracts/VehiclePickupReturnTabRedesigned.tsx,no-barrel
src/services/DataQualityService.ts,no-barrel
src/workflows/templates.ts,barrel-not-imported
src/utils/mobileSpacing.ts,no-barrel
src/components/premium-landing/PremiumNavbar.tsx,barrel-not-imported
src/scripts/verify-contract-invoices.ts,no-barrel
src/utils/exports/excelExport.ts,no-barrel
src/components/finance/charts/KeyboardShortcutsHelp.tsx,no-barrel
src/hooks/useExecutiveAISystem.ts,no-barrel
src/components/dashboard/EnhancedAlertsSystem.tsx,no-barrel
src/hooks/useEmployeeTasks.tsx,no-barrel
src/pages/fleet/reports/hooks/useFleetReports.ts,no-barrel
src/pages/legal/LegalCasesTrackingV2Final.tsx,no-barrel
src/components/dashboard/car-rental/InsuranceAlertsWidget.tsx,no-barrel
src/components/customers/CustomerAccountForm.tsx,barrel-not-imported
src/components/fleet/VehicleReturnForm.tsx,no-barrel
src/hooks/useVehicleTransfers.ts,no-barrel
src/components/legal/translations/legalCaseWizard.ts,no-barrel
src/types/signed-agreements.ts,no-barrel
src/components/ui/OptimizedImage.tsx,no-barrel
src/components/ui/responsive-table.tsx,no-barrel
src/hooks/integrations/useInventorySalesOrders.ts,no-barrel
src/components/monitoring/MonitoringDashboard.tsx,no-barrel
src/lib/icons.ts,no-barrel
src/components/contracts/OfficialContractView.tsx,no-barrel
src/components/fleet/UpdateVehicleRegistrationDialog.tsx,no-barrel
src/hooks/useOptimizedDeleteCustomer.ts,no-barrel
src/components/finance/EnhancedAccountDeleteDialog.tsx,no-barrel
src/modules/tenants/hooks/useTenants.ts,barrel-not-imported
src/components/fleet/ViolationNotificationSettings.tsx,no-barrel
src/components/fleet/MaintenanceSmartDashboard.tsx,no-barrel
src/components/contracts/ContractsTabsContent.tsx,no-barrel
src/hooks/useWhatsNew.ts,no-barrel
src/components/notifications/NotificationItem.tsx,no-barrel
src/components/finance/enhanced-editing/AISmartParentSelector.tsx,no-barrel
src/components/ui/aspect-ratio.tsx,no-barrel
src/modules/tenants/pages/Tenants.tsx,barrel-not-imported
src/pages/finance/AccountingWizard.tsx,no-barrel
src/lib/inventory/optimization.ts,no-barrel
src/pages/finance/ComplianceDashboard.tsx,no-barrel
src/components/legal/RecommendedActionBadge.tsx,no-barrel
src/components/dashboard/car-rental/FleetAvailabilityWidget.tsx,no-barrel
src/components/contracts/wizard/EnhancedValidationStep.tsx,no-barrel
src/pages/finance/FixedAssets.tsx,no-barrel
src/hooks/integrations/useCustomerOrderFulfillment.ts,no-barrel
src/components/finance/charts/ChartStatisticsPanel.tsx,no-barrel
src/components/help/content/QuickPaymentPageHelpContent.tsx,no-barrel
src/components/EnhancedMobileCamera.tsx,no-barrel
src/components/contracts/InspectionReminders.tsx,no-barrel
src/components/settings/ConfirmDialog.tsx,no-barrel
src/components/contracts/BulkInvoiceGenerationDialog.tsx,no-barrel
src/components/ui/type-ahead-search.tsx,no-barrel
src/components/contracts/payment-schedules/PaymentScheduleManager.tsx,no-barrel
src/components/dashboard/ParallaxRecentActivities.tsx,no-barrel
src/hooks/useAvailableVehiclesByDateRange.ts,no-barrel
src/types/enhanced/vehicle.types.ts,no-barrel
src/components/contracts/ContractPaymentsTab.tsx,no-barrel
src/components/team/UnassignContractDialog.tsx,barrel-not-imported
src/components/help/content/MaintenancePageHelp.tsx,no-barrel
src/hooks/useNotifications.tsx,no-barrel
src/pages/fleet/Reservations.tsx,no-barrel
src/components/help/content/CompaniesPageHelp.tsx,no-barrel
src/components/contracts/ContractHeaderRedesigned.tsx,no-barrel
src/server/middleware/api-versioning.ts,no-barrel
src/hooks/usePropertyAlertsCount.ts,no-barrel
src/components/customers/CRMSmartDashboard.tsx,no-barrel
src/components/finance/AccountDetailsDialog.tsx,no-barrel
src/components/dashboard/customization/MobileEnhancements.tsx,no-barrel
src/components/contracts/ContractAlerts.tsx,no-barrel
src/components/finance/payment-upload/PaymentUploadDiagnostics.tsx,no-barrel
src/components/hr/UserAccountsList.tsx,no-barrel
src/components/contracts/TimelineView.tsx,no-barrel
src/components/contracts/ContractDataValidator.tsx,no-barrel
src/pages/finance/AuditTrailPage.tsx,no-barrel
src/pages/finance/UnifiedPayments.tsx,no-barrel
src/lib/performance/apm.ts,no-barrel
src/components/contracts/ContractFormWithDuplicateCheck.tsx,no-barrel
src/components/finance/payment-upload/FastProcessingMode.tsx,no-barrel
src/components/csv-templates/CSVTemplateSelector.tsx,no-barrel
src/components/filters/AdvancedSearch.tsx,barrel-not-imported
src/components/empty-states/EmptyState.tsx,barrel-not-imported
src/components/finance/CashFlowReport.tsx,no-barrel
src/components/fleet/VehicleConditionReport.tsx,no-barrel
src/components/contracts/MobileActionButtons.tsx,no-barrel
src/components/tour-guide/tours.ts,barrel-not-imported
src/components/contracts/payment-schedules/CreatePaymentScheduleDialog.tsx,no-barrel
src/components/finance/VendorAccountManager.tsx,no-barrel
src/lib/inventory/supplierIntegration.ts,no-barrel
src/components/ui/carousel.tsx,no-barrel
src/components/mobile/FloatingActionButton.tsx,barrel-not-imported
src/services/repositories/InvoiceRepository.ts,barrel-not-imported
src/components/legal/DelinquentSummaryCards.tsx,no-barrel
src/pages/legal/LawsuitPreparation/components/LegalTaqadi.tsx,no-barrel
src/components/customers/EnhancedCustomerFinancialDashboard.tsx,no-barrel
src/services/taqadi/TaqadiValidator.ts,barrel-not-imported
src/components/finance/HierarchicalAccountsList.tsx,no-barrel
src/components/mobile/VoicePrivacyDialog.tsx,barrel-not-imported
src/hooks/useWarehouseTransfers.ts,no-barrel
src/components/contracts/MobileTabsNavigation.tsx,no-barrel
src/services/ocrWorkerService.ts,no-barrel
src/components/contracts/ContractsEmptyState.tsx,no-barrel
src/components/ui/responsive-card.tsx,no-barrel
src/pages/finance/ReportsAndAnalysis.tsx,no-barrel
src/server/middleware/error-handler.ts,no-barrel
src/components/finance/enhanced-editing/AccountMoveValidator.ts,no-barrel
src/components/finance/PendingPaymentsReviewSystem.tsx,no-barrel
src/hooks/useDashboardLayout.ts,no-barrel
src/components/finance/BankTransactionForm.tsx,no-barrel
src/pages/PropertyContractDetails.tsx,no-barrel
src/hooks/useLegalCorrespondence.ts,no-barrel
src/components/csv/DateFormatSelector.tsx,no-barrel
src/utils/exports/pdfExport.ts,no-barrel
src/services/core/BatchProcessor.ts,no-barrel
src/server/routes/contracts.ts,no-barrel
src/pages/fleet/reports/components/FleetCharts.tsx,no-barrel
src/types/enhanced/contracts.types.ts,no-barrel
src/components/contracts/InteractiveVehicleInspectionForm.tsx,no-barrel
src/lib/legalAIPerformance.ts,no-barrel
src/hooks/data/useContracts.ts,no-barrel
src/components/fleet/vehicle-document-distribution/storage.ts,no-barrel
src/components/csv/CSVDiagnostics.tsx,no-barrel
src/components/finance/enhanced-editing/EnhancedAccountEditDialog.tsx,no-barrel
src/components/contracts/ContractHeader.tsx,no-barrel
src/components/finance/EnhancedSmartAlertsPanel.tsx,no-barrel
src/components/customers/CustomerDiagnostics.tsx,barrel-not-imported
src/pages/legal/LawsuitPreparation/components/Header/QuickStats.tsx,barrel-not-imported
src/components/layouts/MobileSidebar.tsx,no-barrel
src/components/finance/PaymentLinkingTroubleshooter.tsx,no-barrel
src/pages/fleet/AvailabilityCalendar.tsx,no-barrel
src/components/ui/native-bottom-sheet.tsx,no-barrel
src/hooks/useErrorBoundary.ts,no-barrel
src/hooks/useAdaptiveLearning.ts,no-barrel
src/components/finance/charts/AccountTemplateManager.tsx,no-barrel
src/lib/supabaseStorageKeys.ts,no-barrel
src/components/finance/enhanced-editing/SmartParentSelector.tsx,no-barrel
src/hooks/useNumberPreferences.ts,no-barrel
src/components/dashboard/ForecastingSection.tsx,no-barrel
src/components/loaders/SkeletonMetrics.tsx,barrel-not-imported
src/components/dashboard/SecurityActionsPanel.tsx,no-barrel
src/components/fleet/VehicleConditionComparisonReport.tsx,no-barrel
src/components/customers/AccountingSummary.tsx,barrel-not-imported
src/components/ui/menubar.tsx,no-barrel
src/components/property/PropertyContractForm.tsx,no-barrel
src/components/vehicles/VehicleGalleryDialog.tsx,barrel-not-imported
src/test/mobile/MobileTestingSuite.tsx,no-barrel
src/components/legal/CreateLegalCaseDialog.tsx,no-barrel
src/components/common/design-system/PageHeader.tsx,barrel-not-imported
src/components/payments/SmartPaymentMatching.tsx,no-barrel
src/components/invoices/InvoiceApprovalWorkflow.tsx,no-barrel
src/services/OverdueManagementService.ts,no-barrel
src/components/csv-templates/CreateCSVTemplateDialog.tsx,no-barrel
src/components/fleet/TrafficViolationStats.tsx,no-barrel
src/pages/finance/BudgetsAndCostCenters.tsx,no-barrel
src/services/CustomerDetailsService.ts,no-barrel
src/pages/mobile/MobileOverdue.tsx,no-barrel
src/pages/mobile/MobileHome.tsx,no-barrel
src/hooks/useFleetVehicleGroups.ts,no-barrel
src/components/ui/skeletons/WidgetSkeleton.tsx,barrel-not-imported
src/components/mobile/FABMenu.tsx,barrel-not-imported
src/components/layouts/MobileNavigation.tsx,no-barrel
src/components/customers/CustomerCreationOptionsDialog.tsx,barrel-not-imported
src/hooks/usePropertyContractsCalendar.ts,no-barrel
src/components/contracts/EnhancedContractCreationProgress.tsx,no-barrel
src/components/dashboard/SmartAlertsPanel.tsx,no-barrel
src/lib/validation.ts,no-barrel
src/utils/exports/templates.ts,no-barrel
src/components/hr/permissions/SmartPermissionSuggestions.tsx,no-barrel
src/scripts/syncVehicleContractStatus.ts,no-barrel
src/components/help/content/DispatchPermitsPageHelp.tsx,no-barrel
src/components/help/content/PaymentRegistrationPageHelp.tsx,no-barrel
src/components/contracts/ContractsHeader.tsx,no-barrel
src/components/finance/LegalAccountMappingsManager.tsx,no-barrel
src/hooks/company/useCompanyPermissions.ts,no-barrel
src/lib/i18n/validation.ts,no-barrel
src/components/dashboard/UnifiedAlertsSystem.tsx,no-barrel
src/components/ui/field-tooltip.tsx,no-barrel
src/components/docs/DocumentationSearch.tsx,no-barrel
src/services/PaymentValidator.ts,no-barrel
src/components/contracts/ContractPaymentsTabRedesigned.tsx,no-barrel
src/pages/inventory/InventoryReports.tsx,no-barrel
src/pages/fleet/reports/components/ReportGenerator.tsx,barrel-not-imported
src/components/reports/SimpleReportFilters.tsx,barrel-not-imported
src/components/mobile/MobileFormWrapper.tsx,barrel-not-imported
src/components/contracts/FinancialDashboard.tsx,no-barrel
src/components/contracts/VehicleHandoverUnified.tsx,no-barrel
src/pages/finance/FinancialRatios.tsx,no-barrel
src/pages/payments/QuickPayment.tsx,no-barrel
src/hooks/useContractCreationOptimized.ts,no-barrel
src/components/help/content/CollectionsPageHelp.tsx,no-barrel
src/components/reports/QuickReports.tsx,no-barrel
src/pages/finance/Treasury.tsx,no-barrel
src/hooks/useDynamicLandingContent.ts,no-barrel
src/lib/api-monitoring/integration.ts,no-barrel
src/hooks/useCarRentalTemplate.ts,no-barrel
src/hooks/useEnhancedContextAnalyzer.ts,no-barrel
src/components/help/content/TenantsPageHelp.tsx,no-barrel
src/components/dashboard/EmployeeWorkspaceWidget.tsx,no-barrel
src/components/employee/dialogs/AddNoteDialog.tsx,barrel-not-imported
src/components/payments/ReminderTemplatesManager.tsx,barrel-not-imported
src/components/payments/CollectionsDashboard.tsx,barrel-not-imported
src/components/premium-landing/FeaturesGrid.tsx,barrel-not-imported
src/components/error/ImprovedRouteErrorBoundary.tsx,barrel-not-imported
src/utils/versionCheck.ts,no-barrel
src/lib/validation/schemas.ts,no-barrel
src/components/integrations/VendorPerformanceIndicator.tsx,no-barrel
src/components/finance/BudgetAlertsPanel.tsx,no-barrel
src/services/LateFeeRulesService.ts,no-barrel
src/components/team/BulkAssignmentDialog.tsx,barrel-not-imported
src/pages/finance/settings/AccountRecoveryManager.tsx,no-barrel
src/components/contracts/FormErrorSummary.tsx,no-barrel
src/components/customers/tabs/helpers.ts,no-barrel
src/pages/finance/FinancialAnalysis.tsx,no-barrel
src/utils/currencyFormatter.ts,no-barrel
src/components/contracts/SmartSuggestions.tsx,no-barrel
src/components/contracts/CompanyDocumentSettings.tsx,no-barrel
src/services/smartPDFExtractor.ts,no-barrel
src/components/legal/DelinquentCustomersTab.tsx,no-barrel
src/utils/contractValidationMessages.ts,no-barrel
src/lib/request-signing.ts,no-barrel
src/lib/vite-security-plugin.ts,no-barrel
src/hooks/useBackgroundJob.ts,no-barrel
src/components/invoices/InvoiceCameraCapture.tsx,no-barrel
src/hooks/api/useVehiclesApi.ts,barrel-not-imported
src/lib/compatibilityManager.ts,no-barrel
src/pages/inventory/StockMovements.tsx,no-barrel
src/components/contracts/ContractOperationsLog.tsx,no-barrel
src/components/property/AdvancedPropertyAlerts.tsx,no-barrel
src/components/help/content/EmployeesPageHelp.tsx,no-barrel
src/components/property/PropertyContractsCalendar.tsx,no-barrel
src/hooks/useChartOfAccountsCSVUpload.ts,no-barrel
src/components/fleet/VehicleGrid.tsx,no-barrel
src/components/finance/enhanced-editing/SmartSuggestionsShowcase.tsx,no-barrel
src/components/hr/PayrollForm.tsx,no-barrel
src/components/legal/NoticeTemplateManager.tsx,barrel-not-imported
src/components/ui/toggle-group.tsx,no-barrel
src/server/config/rateLimit.ts,no-barrel
src/server/middleware/cache.ts,no-barrel
src/components/finance/AdvancedFinancialReports.tsx,barrel-not-imported
src/components/performance/PerformanceMonitorTest.tsx,no-barrel
src/pages/inventory/InventoryCategories.tsx,no-barrel
src/components/dashboard/WorldClassStatsCards.tsx,no-barrel
src/components/finance/AccountDeletionLogViewer.tsx,no-barrel
src/lib/errorBoundary.tsx,no-barrel
src/utils/performanceTracking.ts,no-barrel
src/components/help/content/SuperAdminPageHelp.tsx,no-barrel
src/components/contracts/ContractSearchFilters.tsx,no-barrel
src/components/dashboard/FinancialOverviewCard.tsx,no-barrel
src/components/legal/RiskScoreIndicator.tsx,no-barrel
src/pages/finance/DepreciationAutomation.tsx,no-barrel
src/components/employee/EmployeePriorityContracts.tsx,no-barrel
src/components/csv/CSVTableEditor.tsx,no-barrel
src/components/legal/DeadlineAlerts.tsx,barrel-not-imported
src/components/fleet/VehicleConditionAlert.tsx,no-barrel
src/components/dashboard/ModernStatsCard.tsx,no-barrel
src/components/contracts/MobileContractsHeader.tsx,no-barrel
src/components/ReactInitializer.tsx,no-barrel
src/services/BankReconciliationService.ts,no-barrel
src/components/vehicle-installments/VehicleInstallmentDetails.tsx,no-barrel
src/components/customers/CustomerCSVUpload.tsx,barrel-not-imported
src/components/contracts/ContractPricingBreakdown.tsx,no-barrel
src/components/help/content/PaymentsPageHelp.tsx,no-barrel
src/scripts/import-traffic-violations.ts,no-barrel
src/components/fleet/PDFViewer.tsx,no-barrel
src/services/core/BaseRepository.ts,barrel-not-imported
src/test/setup.ts,no-barrel
src/workers/pdfOCRWorker.ts,no-barrel
src/components/dashboard/car-rental/RentalTimelineWidget.tsx,no-barrel
src/components/fleet/VehicleListItem.tsx,no-barrel
src/server/routes/auth.ts,no-barrel
src/lib/i18n/config.ts,no-barrel
src/components/team/ContractAssignmentDialog.tsx,barrel-not-imported
src/services/taqadi/TaqadiService.ts,barrel-not-imported
src/hooks/useTaskWhatsAppIntegration.ts,no-barrel
src/services/taqadi/TaqadiSelectors.ts,no-barrel
src/components/contracts/ContractAmendmentForm.tsx,barrel-not-imported
src/pages/legal/LawsuitPreparation/components/Header/CaseSummary.tsx,barrel-not-imported
src/components/finance/enhanced-editing/SuggestionAnalyticsDashboard.tsx,no-barrel
src/components/dashboard/UnifiedPerformanceDashboard.tsx,no-barrel
src/components/landing/enterprise/EnterpriseTestimonials.tsx,no-barrel
src/stores/appStore.ts,no-barrel
src/components/common/FeatureGate.tsx,no-barrel
src/pages/finance/Overview.tsx,no-barrel
src/hooks/company/useCompanyFiltering.ts,no-barrel
src/components/filters/FilterPresets.tsx,barrel-not-imported
src/components/contracts/ContractsList.tsx,no-barrel
src/utils/drillDownRoutes.ts,no-barrel
src/components/finance/charts/SmartAccountWizardTab.tsx,no-barrel
src/components/customers/MobileCustomerCard.tsx,barrel-not-imported
src/hooks/useRentalPaymentJournalIntegration.ts,no-barrel
src/components/finance/SimpleAccountDeleteStub.tsx,no-barrel
src/hooks/useEnhancedCustomersRealtime.ts,no-barrel
src/components/finance/charts/AccountSelectionDialog.tsx,no-barrel
src/types/core.ts,no-barrel
src/components/fleet/TrafficViolationReports.tsx,no-barrel
src/components/empty-states/EmptyInventory.tsx,barrel-not-imported
src/pages/legal/LawsuitPreparation/components/LegalOverview.tsx,no-barrel
src/components/contracts/ContractCSVUploadWithArchive.tsx,no-barrel
src/components/dashboard/DashboardActivitySection.tsx,no-barrel
src/components/finance/payments/PaymentImportDialog.tsx,no-barrel
src/components/employee/EmployeePerformanceCard.tsx,no-barrel
src/components/finance/AccountDeletionStats.tsx,no-barrel
src/pages/fleet/Drivers.tsx,no-barrel
src/components/contracts/EnhancedPaymentScheduleTab.tsx,no-barrel
src/components/finance/hub/UniversalSearch.tsx,no-barrel
src/server/utils/logger.ts,no-barrel
src/components/ui/responsive-form.tsx,no-barrel
src/components/legal/DelinquentCustomersTable.tsx,no-barrel
src/lib/performance.tsx,no-barrel
src/pages/dashboards/RetailDashboard.tsx,no-barrel
src/utils/tabSyncManager.ts,no-barrel
src/components/customers/CustomerAccountStatement.tsx,barrel-not-imported
src/services/taqadi/TaqadiTypes.ts,barrel-not-imported
src/components/legal/translations/autoCreateTriggers.ts,no-barrel
src/hooks/useSmartLegalClassifier.ts,no-barrel
src/components/help/content/CustomersHelp.tsx,no-barrel
